Place_Id,Place_Name,Category,City,Rating,Lat,Long
1,Monumen Nasional,Budaya,Jakarta,4.6,-6.1753924,106.8271528
2,Kota Tua,Budaya,Jakarta,4.6,-6.1376448,106.8171245
3,Dunia Fantasi,Taman Hiburan,Jakarta,4.6,-6.1253124,106.8335377
4,Taman Mini Indonesia Indah (TMII),Taman Hiburan,Jakarta,4.5,-6.3024459,106.8951559
5,Atlantis Water Adventure,Taman Hiburan,Jakarta,4.5,-6.12419,106.839134
6,Taman Impian Jaya Ancol,Taman Hiburan,Jakarta,4.5,-6.1173332,106.8579951
7,Kebun Binatang Ragunan,Cagar Alam,Jakarta,4.5,-6.3124593,106.8201865
8,Ocean Ecopark,Taman Hiburan,Jakarta,4.0,-6.1258017,106.8363249
9,Pelabuhan Marina,Bahari,Jakarta,4.4,1.07888,103.931398
10,Pulau Tidung,Bahari,Jakarta,4.5,-5.8032053,106.5237907
11,Pulau Bidadari,Bahari,Jakarta,4.6,-6.035833,106.746944
12,Pulau Pari,Bahari,Jakarta,4.0,-5.9074328,106.5863989
13,Pulau Pramuka,Bahari,Jakarta,4.2,-5.745962,106.6136577
14,Pulau Pelangi,Bahari,Jakarta,4.8,-5.587055,106.5885
15,Pasar Seni,Pusat Perbelanjaan,Jakarta,4.4,-6.1766868,106.8417666
16,Jembatan Kota Intan,Budaya,Jakarta,4.3,-6.1314572,106.8106169
17,Museum Fatahillah,Budaya,Jakarta,4.4,-6.1364489,106.8130661
18,Museum Bank Indonesia,Budaya,Jakarta,4.7,-6.137127,106.813005
19,Kidzania,Taman Hiburan,Jakarta,4.6,-6.2250735,106.8097144
20,Museum Taman Prasasti,Budaya,Jakarta,4.5,-6.1722241,106.8189695
21,Museum Wayang,Budaya,Jakarta,4.5,-6.1349072,106.8124452
22,Masjid Istiqlal,Tempat Ibadah,Jakarta,4.7,-6.17017,106.83139
23,Gereja Katedral,Tempat Ibadah,Jakarta,4.8,-6.169225,106.833063
24,Museum Nasional,Budaya,Jakarta,4.6,-6.1764021,106.8215901
25,Pasar Tanah Abang,Pusat Perbelanjaan,Jakarta,4.0,-6.1890096,106.8119312
26,Pecinan Glodok,Pusat Perbelanjaan,Jakarta,4.3,-6.1427588,106.8140791
27,Sea World,Taman Hiburan,Jakarta,4.5,-6.1264775,106.842963
28,Wisata Agro Edukatif Istana Susu Cibugary,Taman Hiburan,Jakarta,4.5,-6.3568093,106.9062371
29,Wisata Kuliner Pecenongan,Pusat Perbelanjaan,Jakarta,5.0,-6.1667887,106.8265261
30,Taman Menteng,Taman Hiburan,Jakarta,4.5,-6.1964087,106.8293106
31,Wisata Alam Mangrove Angke,Cagar Alam,Jakarta,4.3,-6.105334,106.735584
32,Setu Babakan,Budaya,Jakarta,4.4,-6.3416667,106.8238889
33,Taman Suropati,Taman Hiburan,Jakarta,4.6,-6.1994034,106.8326228
34,Pasar Taman Puring,Pusat Perbelanjaan,Jakarta,4.4,-6.241369,106.7890587
35,Grand Indonesia Mall,Pusat Perbelanjaan,Jakarta,4.7,-6.1951801,106.8204412
36,Skyrink - Mall Taman Anggrek,Taman Hiburan,Jakarta,4.5,-6.178996,106.791941
37,Bumi Perkemahan Cibubur,Taman Hiburan,Jakarta,4.5,-6.3602487,106.893842
38,Istana Negara Republik Indonesia,Budaya,Jakarta,4.6,-6.168069,106.8239727
39,Museum Macan (Modern and Contemporary Art in Nusantara),Budaya,Jakarta,4.5,-6.190942,106.767622
40,Galeri Nasional Indonesia,Budaya,Jakarta,4.6,-6.1785482,106.8327716
41,Museum Bahari Jakarta,Budaya,Jakarta,4.4,-6.1269553,106.8085899
42,Museum Seni Rupa dan Kramik,Budaya,Jakarta,4.4,-6.1342598,106.814552
43,The Escape Hunt,Taman Hiburan,Jakarta,4.4,-6.2555033,106.8122591
44,Monumen Selamat Datang,Budaya,Jakarta,4.7,-6.1949978,106.8230496
45,Jakarta Aquarium dan Safari,Taman Hiburan,Jakarta,4.6,-6.1752647,106.7904684
46,Pulau Semak Daun,Bahari,Jakarta,4.0,-5.7296716,106.5714158
47,Taman Situ Lembang,Taman Hiburan,Jakarta,4.5,-6.1978861,106.8346708
48,Taman Ismail Marzuki,Budaya,Jakarta,4.6,-6.1891586,106.8397738
49,Galeri Indonesia Kaya,Budaya,Jakarta,4.8,-6.1948499,106.8200607
50,Museum Joang 45,Budaya,Jakarta,4.0,-6.1861838,106.8364761
51,Jakarta Planetarium,Taman Hiburan,Jakarta,4.1,-6.1900819,106.8388532
52,Kampung Cina,Budaya,Jakarta,4.5,-6.3651357,106.7617984
53,Rumah Sipitung,Budaya,Jakarta,4.5,-6.10016,106.96057
54,Taman Agrowisata Cilangkap,Taman Hiburan,Jakarta,4.2,-6.3401514,106.9012561
55,Klenteng Jin De Yuan,Tempat Ibadah,Jakarta,4.5,-6.1444737,106.8126018
56,Pantai Ancol,Bahari,Jakarta,4.4,-6.1194215,106.8502435
57,Taman Lapangan Banteng,Taman Hiburan,Jakarta,4.7,-6.170555,106.8350378
58,Taman Ayodya,Taman Hiburan,Jakarta,4.4,-6.2452294,106.7946655
59,Museum Sumpah Pemuda,Budaya,Jakarta,4.7,-6.1838388,106.8430507
60,Museum Tekstil,Budaya,Jakarta,4.5,-6.1879634,106.8096081
61,Tugu Proklamasi,Budaya,Jakarta,4.6,-6.2030468,106.8466623
62,Taman Legenda Keong Emas,Taman Hiburan,Jakarta,4.5,-6.3039042,106.8936219
63,Museum Kebangkitan Nasional,Budaya,Jakarta,4.7,-6.178352,106.838094
64,Museum Sasmita Loka Ahmad Yani,Budaya,Jakarta,4.7,-6.2046303,106.8365324
65,Museum Basoeki Abdullah,Budaya,Jakarta,4.6,-6.2897885,106.7932681
66,Museum Layang-layang,Budaya,Jakarta,4.5,-6.3080282,106.790548
67,Margasatwa Muara Angke,Cagar Alam,Jakarta,4.2,-6.1160075,106.7692016
68,Pasar Petak Sembilan,Pusat Perbelanjaan,Jakarta,4.4,-6.1436722,106.8129398
69,Freedom Library,Budaya,Jakarta,5.0,-6.2022482,106.8451968
70,Perpustakaan Nasional,Budaya,Jakarta,4.7,-6.1812918,106.8268717
71,Cibubur Garden Diary (Cibugary),Cagar Alam,Jakarta,4.5,-6.3799969,106.8949793
72,Waterboom PIK (Pantai Indah Kapuk),Taman Hiburan,Jakarta,4.4,-6.1136559,106.7478596
73,Museum Perangko,Budaya,Jakarta,4.4,-6.3041841,106.9017725
74,Museum Tengah Kebun,Budaya,Jakarta,4.6,-6.267513,106.824107
75,SnowBay Waterpark,Taman Hiburan,Jakarta,4.3,-6.2992718,106.89151
76,Taman Cattleya,Taman Hiburan,Jakarta,4.5,-6.1810843,106.7954476
77,Taman Hutan Tebet,Taman Hiburan,Jakarta,4.4,-6.2371409,106.8526505
78,Hutan Kota Srengseng,Taman Hiburan,Jakarta,4.3,-6.2106945,106.7643954
79,Taman Spathodea,Taman Hiburan,Jakarta,4.6,-6.3226133,106.8241871
80,Plaza Indonesia,Pusat Perbelanjaan,Jakarta,4.7,-6.1939259,106.8222158
81,Mall Thamrin City,Pusat Perbelanjaan,Jakarta,4.4,-6.1946096,106.817905
82,Museum Satria Mandala,Budaya,Jakarta,4.5,-6.2316985,106.8185425
83,Alive Museum Ancol,Taman Hiburan,Jakarta,4.3,-6.1175344,106.857313
84,Kawasan Kuliner BSM,Pusat Perbelanjaan,Jakarta,4.6,-6.1842588,106.824033
85,Taman Pintar Yogyakarta,Taman Hiburan,Yogyakarta,4.5,-7.8006715,110.3676551
86,Keraton Yogyakarta,Budaya,Yogyakarta,4.6,-7.8052845,110.3642031
87,Sindu Kusuma Edupark (SKE),Taman Hiburan,Yogyakarta,4.2,-7.7672973,110.3542486
88,Museum Benteng Vredeburg Yogyakarta,Budaya,Yogyakarta,4.6,-7.8002016,110.3663044
89,De Mata Museum Jogja,Budaya,Yogyakarta,4.4,-7.8163156,110.3871442
90,Kampung Wisata Taman Sari,Taman Hiburan,Yogyakarta,4.6,-7.8100673,110.3594581
91,Situs Warungboto,Taman Hiburan,Yogyakarta,4.4,-7.8102685,110.3931513
92,Nol Kilometer Jl.Malioboro,Taman Hiburan,Yogyakarta,4.7,-7.8013803,110.3647652
93,Gembira Loka Zoo,Cagar Alam,Yogyakarta,4.5,-7.8062344,110.3967977
94,Sumur Gumuling,Taman Hiburan,Yogyakarta,4.5,-7.8087911,110.3591825
95,Desa Wisata Sungai Code Jogja Kota,Taman Hiburan,Yogyakarta,5.0,-7.8229089,110.3756894
96,Alun Alun Selatan Yogyakarta,Taman Hiburan,Yogyakarta,4.6,-7.8116719,110.363238
97,Monumen Yogya Kembali,Budaya,Yogyakarta,4.5,-7.7495904,110.3696068
98,Taman Pelangi Yogyakarta,Taman Hiburan,Yogyakarta,4.3,-7.7505259,110.3687049
99,Kampung Wisata Kadipaten,Budaya,Yogyakarta,4.4,-7.806093,110.35831
100,Taman Budaya Yogyakarta,Budaya,Yogyakarta,4.5,-7.8001041,110.3676579
101,Kampung Wisata Sosro Menduran,Budaya,Yogyakarta,4.0,-7.79219,110.362151
102,Monumen Batik Yogyakarta,Budaya,Yogyakarta,4.5,-7.8011159,110.3646172
103,Tugu Pal Putih Jogja,Taman Hiburan,Yogyakarta,4.7,-7.7829437,110.3670548
104,Tebing Breksi,Budaya,Yogyakarta,4.4,-7.7815714,110.5045827
105,Candi Donotirto,Budaya,Yogyakarta,4.4,-7.7955613,110.3612095
106,Kawasan Malioboro,Taman Hiburan,Yogyakarta,4.8,-7.793167,110.3655238
107,Bangsal Pagelaran,Budaya,Yogyakarta,4.6,-7.8052843,110.3642137
108,Embung Tambakboyo,Taman Hiburan,Yogyakarta,4.4,-7.756227,110.4150131
109,Hutan Pinus Pengger,Taman Hiburan,Yogyakarta,4.5,-7.8704832,110.4599108
110,Monumen Serangan Umum 1 Maret,Taman Hiburan,Yogyakarta,4.6,-7.8010124,110.3653376
111,Puncak Pinus Becici,Taman Hiburan,Yogyakarta,4.5,-7.9020355,110.4374627
112,Bukit Bintang Yogyakarta,Taman Hiburan,Yogyakarta,4.5,-7.8458407,110.4798457
113,Gedung Agung Yogyakarta,Budaya,Yogyakarta,4.6,-7.8001506,110.3637507
114,The Lost World Castle,Taman Hiburan,Yogyakarta,4.3,-7.6041648,110.4510042
115,Monumen Sanapati,Budaya,Yogyakarta,4.3,-7.7881728,110.3715403
116,Jurang Tembelan Kanigoro,Taman Hiburan,Yogyakarta,4.5,-7.9401065,110.4300062
117,The World Landmarks - Merapi Park Yogyakarta,Taman Hiburan,Yogyakarta,4.2,-7.6209046,110.4216275
118,Museum Sonobudoyo Unit I,Budaya,Yogyakarta,4.6,-7.8024499,110.3639555
119,Lava Bantal,Budaya,Yogyakarta,4.4,-7.8081518,110.4595183
120,Bukit Panguk Kediwung,Budaya,Yogyakarta,4.5,-7.9583695,110.4407622
121,Candi Prambanan,Budaya,Yogyakarta,4.7,-7.7520206,110.4914674
122,Watu Goyang,Budaya,Yogyakarta,4.4,-7.9274086,110.4120586
123,Kampung Wisata Rejowinangun,Budaya,Yogyakarta,4.3,-7.8152776,110.3988359
124,Kauman Pakualaman Yogyakarta,Budaya,Yogyakarta,5.0,-7.8010347,110.3751922
125,Alun-alun Utara Keraton Yogyakarta,Budaya,Yogyakarta,4.6,-7.8038975,110.3644232
126,Pantai Goa Cemara,Bahari,Yogyakarta,4.3,-7.999423,110.248963
127,Blue Lagoon Jogja,Taman Hiburan,Yogyakarta,4.3,-7.7044358,110.45026
128,Gumuk Pasir Parangkusumo,Taman Hiburan,Yogyakarta,4.5,-8.0173266,110.3180791
129,Bukit Lintang Sewu,Taman Hiburan,Yogyakarta,4.5,-7.9157997,110.4366436
130,Studio Alam Gamplong,Taman Hiburan,Yogyakarta,4.4,-7.8057936,110.2367304
131,Watu Lumbung,Cagar Alam,Yogyakarta,4.3,-7.9924379,110.317778
132,Air Terjun Kedung Pedut,Cagar Alam,Yogyakarta,4.5,-7.7699875,110.1210707
133,Puncak Kebun Buah Mangunan,Taman Hiburan,Yogyakarta,4.6,-7.9413718,110.4247345
134,Desa Wisata Gamplong,Taman Hiburan,Yogyakarta,4.4,-7.8055232,110.2374676
135,Kawasan Wisata Sosrowijayan,Pusat Perbelanjaan,Yogyakarta,4.0,-7.7916235,110.361956
136,Grojogan Watu Purbo Bangunrejo,Taman Hiburan,Yogyakarta,4.5,-7.6340172,110.33837
137,Wisata Alam Kalibiru,Cagar Alam,Yogyakarta,4.4,-7.8057305,110.127969
138,Jogja Exotarium,Taman Hiburan,Yogyakarta,4.4,-7.7280356,110.3591712
139,Puncak Gunung Api Purba - Nglanggeran,Cagar Alam,Yogyakarta,4.7,-7.841253,110.543056
140,Bendung Lepen,Taman Hiburan,Yogyakarta,4.6,-7.8316668,110.3945119
141,Bunker Kaliadem Merapi,Cagar Alam,Yogyakarta,4.5,-7.5829198,110.4476816
142,Ledok Sambi,Cagar Alam,Yogyakarta,4.6,-7.6470943,110.4280998
143,Seribu Batu Songgo Langit,Cagar Alam,Yogyakarta,4.6,-7.9310984,110.430919
144,Goa Jomblang,Cagar Alam,Yogyakarta,4.6,-8.0281562,110.6383307
145,Desa Wisata Rumah Domes/Teletubbies,Taman Hiburan,Yogyakarta,4.1,-7.8136085,110.5033442
146,Bukit Wisata Pulepayung,Cagar Alam,Yogyakarta,4.5,-7.8001106,110.1238954
147,Bentara Budaya Yogyakarta (BBY),Budaya,Yogyakarta,4.5,-7.7857242,110.3746954
148,Goa Rancang Kencono,Cagar Alam,Yogyakarta,4.3,-7.9492612,110.4926511
149,Goa Cerme,Cagar Alam,Yogyakarta,4.4,-7.9794413,110.3803114
150,Wisata Kraton Jogja,Budaya,Yogyakarta,4.7,-7.8067535,110.3636659
151,Desa Wisata Kelor,Taman Hiburan,Yogyakarta,4.4,-7.6410258,110.3622794
152,Pantai Patihan,Bahari,Yogyakarta,4.1,-7.997778,110.2449113
153,Pantai Kukup,Bahari,Yogyakarta,4.0,-8.1338763,110.5548349
154,Pantai Ngrawe (Mesra),Bahari,Yogyakarta,4.5,-8.1333389,110.5537405
155,Pantai Ngobaran,Bahari,Yogyakarta,4.6,-8.1184844,110.5028785
156,Pantai Pulang Sawal,Bahari,Yogyakarta,4.5,-8.1506589,110.6126311
157,Pantai Baron,Bahari,Yogyakarta,4.4,-8.1288246,110.5487763
158,Pantai Pok Tunggal,Bahari,Yogyakarta,4.5,-8.1554468,110.6217582
159,Hutan Pinus Asri,Cagar Alam,Yogyakarta,4.5,-7.9209209,110.4355651
160,Pasar Kebon Empring Bintaran,Pusat Perbelanjaan,Yogyakarta,4.4,-7.8363205,110.4575806
161,"Bukit Paralayang, Watugupit",Cagar Alam,Yogyakarta,4.7,-8.0268551,110.3459122
162,Kampung Wisata Dipowinatan,Budaya,Yogyakarta,4.5,-7.8105529,110.3704987
163,Watu Mabur Mangunan,Cagar Alam,Yogyakarta,4.5,-7.947121,110.441
164,Pintoe Langit Dahromo,Cagar Alam,Yogyakarta,4.4,-7.913608,110.437783
165,Green Village Gedangsari,Taman Hiburan,Yogyakarta,4.2,-7.813094,110.615571
166,Kebun Teh Nglinggo,Cagar Alam,Yogyakarta,4.5,-7.647054,110.1414699
167,Geoforest Watu Payung Turunan,Cagar Alam,Yogyakarta,4.5,-7.974294,110.4364363
168,Pantai Timang,Bahari,Yogyakarta,4.7,-8.1759266,110.6624196
169,Puncak Segoro,Cagar Alam,Yogyakarta,4.2,-8.1026167,110.4562084
170,Candi Borobudur,Budaya,Yogyakarta,4.7,-7.6078738,110.2037513
171,Candi Ijo,Budaya,Yogyakarta,4.6,-7.7838276,110.5118987
172,Pantai Indrayanti,Bahari,Yogyakarta,4.5,-8.1508415,110.6129852
173,Pantai Nglambor,Bahari,Yogyakarta,4.4,-8.1827028,110.6792399
174,Pasar Beringharjo,Pusat Perbelanjaan,Yogyakarta,4.5,-7.7987943,110.367443
175,Museum Ullen Sentalu,Budaya,Yogyakarta,4.7,-7.5978656,110.4233959
176,Museum Gunung Merapi,Budaya,Yogyakarta,4.4,-7.6159272,110.4243329
177,Pantai Parangtritis,Bahari,Yogyakarta,4.5,-8.024608,110.3298045
178,Goa Pindul,Cagar Alam,Yogyakarta,4.5,-7.9339721,110.651966
179,Candi Ratu Boko,Budaya,Yogyakarta,4.6,-7.7705416,110.4894158
180,Pantai Depok Jogja,Bahari,Yogyakarta,4.3,-8.0137087,110.2914777
181,Pantai Sundak,Bahari,Yogyakarta,4.5,-8.147072,110.6079043
182,Hutan Mangrove Kulon Progo,Bahari,Yogyakarta,4.1,-7.8933459,110.0198257
183,Jogja Bay Pirates Adventure Waterpark,Taman Hiburan,Yogyakarta,4.4,-7.7478461,110.4188754
184,Pantai Sepanjang,Bahari,Yogyakarta,4.4,-8.1366656,110.5659962
185,Pantai Krakal,Bahari,Yogyakarta,4.5,-8.145019,110.5998857
186,Pantai Glagah,Bahari,Yogyakarta,4.4,-7.9119427,110.0647339
187,Pantai Siung,Bahari,Yogyakarta,4.6,-8.1818233,110.6832394
188,Pantai Sadranan,Bahari,Yogyakarta,4.6,-8.145668,110.6043914
189,Pantai Nguluran,Bahari,Yogyakarta,4.1,-8.1060061,110.4618655
190,Pantai Samas,Bahari,Yogyakarta,4.0,-8.0045535,110.2703756
191,Pantai Drini,Bahari,Yogyakarta,4.5,-8.1384509,110.577522
192,Air Terjun Sri Gethuk,Cagar Alam,Yogyakarta,4.4,-7.943178,110.48924
193,Candi Sewu,Budaya,Yogyakarta,4.6,-7.7439217,110.4929095
194,Pantai Wediombo,Bahari,Yogyakarta,4.5,-8.1862462,110.709901
195,Pantai Jogan,Bahari,Yogyakarta,4.4,-8.180135,110.6763715
196,Pantai Ngrenehan,Bahari,Yogyakarta,4.4,-8.1211475,110.5142337
197,Pantai Jungwok,Bahari,Yogyakarta,4.6,-8.197822,110.7123397
198,Pantai Greweng,Bahari,Yogyakarta,4.6,-8.1978644,110.7186216
199,Pantai Sedahan,Bahari,Yogyakarta,4.5,-8.1978943,110.7208535
200,Pantai Watu Kodok,Bahari,Yogyakarta,4.6,-8.1370556,110.5746611
201,Pantai Kesirat,Bahari,Yogyakarta,4.6,-8.0961535,110.4350483
202,Pantai Ngandong,Bahari,Yogyakarta,4.5,-8.146423,110.6061408
203,Galaxy Waterpark Jogja,Taman Hiburan,Yogyakarta,4.3,-7.8159633,110.4136917
204,Desa Wisata Pulesari,Taman Hiburan,Yogyakarta,4.4,-7.6258806,110.371698
205,Desa Wisata Tembi,Taman Hiburan,Yogyakarta,4.5,-7.8725673,110.3546963
206,Wisata Kaliurang,Cagar Alam,Yogyakarta,4.4,-7.6120675,110.4205209
207,Heha Sky View,Taman Hiburan,Yogyakarta,4.4,-7.8496144,110.478324
208,Taman Sungai Mudal,Cagar Alam,Yogyakarta,4.6,-7.7628136,110.1161626
209,Pantai Sanglen,Bahari,Yogyakarta,4.5,-8.1367456,110.5716362
210,Pantai Congot,Bahari,Yogyakarta,4.3,-7.9075425,110.0535658
211,Gunung Tangkuban Perahu,Cagar Alam,Bandung,4.5,-6.7596377,107.6097807
212,Jalan Braga,Budaya,Bandung,4.7,-6.9150534,107.6089842
213,Gedung Sate,Budaya,Bandung,4.6,-6.9024812,107.61881
214,Trans Studio Bandung,Taman Hiburan,Bandung,4.5,-6.9250943,107.6364944
215,Taman Hutan Raya Ir. H. Djuanda,Cagar Alam,Bandung,4.5,-6.8565791,107.6323734
216,Farm House Susu Lembang,Taman Hiburan,Bandung,4.4,-6.832969,107.6056183
217,Kebun Binatang Bandung,Cagar Alam,Bandung,4.0,-6.8897177,107.6077282
218,Kawah Putih,Cagar Alam,Bandung,4.5,-7.1662039,107.4021256
219,Tebing Karaton,Cagar Alam,Bandung,4.5,-6.8340683,107.6636151
220,Dusun Bambu,Taman Hiburan,Bandung,4.5,-6.7897147,107.5791627
221,Museum Geologi Bandung,Budaya,Bandung,4.6,-6.9007162,107.6214553
222,Museum Konferensi Asia Afrika,Budaya,Bandung,4.6,-6.9211092,107.609597
223,Masjid Raya Bandung,Tempat Ibadah,Bandung,4.7,-6.9216897,107.6061399
224,Dago Dreampark,Taman Hiburan,Bandung,4.2,-6.8486423,107.625939
225,Orchid Forest Cikole,Taman Hiburan,Bandung,4.6,-6.780493,107.637475
226,Kawasan Punclut,Taman Hiburan,Bandung,4.4,-6.8419756,107.622824
227,Alun-Alun Kota Bandung,Taman Hiburan,Bandung,4.6,-6.9218571,107.6070141
228,Museum Sri Baduga,Budaya,Bandung,4.5,-6.9375748,107.603775
229,Rabbit Town,Taman Hiburan,Bandung,4.0,-6.8669518,107.6100859
230,Stone Garden Citatah,Taman Hiburan,Bandung,4.4,-6.8281528,107.4350179
231,The Great Asia Africa,Taman Hiburan,Bandung,4.4,-6.833123,107.6041595
232,Bukit Moko,Cagar Alam,Bandung,4.5,-6.8422202,107.6767988
233,Gunung Papandayan,Cagar Alam,Bandung,4.6,-7.3193253,107.7310494
234,Amazing Art World,Budaya,Bandung,4.5,-6.8516591,107.5955534
235,Gua Belanda,Cagar Alam,Bandung,4.4,-6.8544594,107.6377907
236,Taman Balai Kota Bandung,Taman Hiburan,Bandung,4.6,-6.912966,107.6096031
237,Panghegar Waterboom Bandung,Taman Hiburan,Bandung,4.3,-6.9614032,107.6227321
238,Gunung Manglayang,Cagar Alam,Bandung,4.5,-6.8761111,107.7436111
239,Lembang Park & Zoo,Cagar Alam,Bandung,4.5,-6.8059154,107.5919726
240,Taman Lalu Lintas Ade Irma Suryani Nasution,Taman Hiburan,Bandung,4.4,-6.911211,107.6133389
241,Lawangwangi Creative Space,Taman Hiburan,Bandung,4.4,-6.847898,107.6276146
242,Curug Dago,Cagar Alam,Bandung,4.0,-6.8655225,107.6181878
243,Kampung Korea Bandung,Budaya,Bandung,4.1,-6.9154546,107.640769
244,Kampung Batu Malakasari,Taman Hiburan,Bandung,4.1,-7.0093633,107.6069444
245,Jendela Alam,Taman Hiburan,Bandung,4.4,-6.819604,107.5964519
246,Curug Tilu Leuwi Opat,Cagar Alam,Bandung,4.4,-6.7905692,107.5826388
247,Kiara Artha Park,Taman Hiburan,Bandung,4.4,-6.9159459,107.6421462
248,NuArt Sculpture Park,Taman Hiburan,Bandung,4.7,-6.8778589,107.5720263
249,Upside Down World Bandung,Taman Hiburan,Bandung,4.0,-6.8963,107.617
250,Pesona Nirwana Waterpark & Cottages,Taman Hiburan,Bandung,4.1,-7.0409154,107.5269156
251,Taman Lansia,Taman Hiburan,Bandung,4.4,-6.9021326,107.6209387
252,Kampoeng Tulip,Taman Hiburan,Bandung,3.8,-6.963162,107.66195
253,Selasar Sunaryo Art Space,Taman Hiburan,Bandung,4.6,-6.8585406,107.6365486
254,Teras Cikapundung BBWS,Taman Hiburan,Bandung,4.3,-6.8844199,107.6068344
255,Museum Barli,Budaya,Bandung,4.4,-6.8782387,107.5875349
256,Wisata Batu Kuda,Cagar Alam,Bandung,4.4,-6.8936106,107.7447399
257,Monumen Bandung Lautan Api,Budaya,Bandung,4.3,-6.9338497,107.604925
258,Museum Gedung Sate,Budaya,Bandung,4.6,-6.9026379,107.619169
259,Monumen Perjuangan Rakyat Jawa Barat,Budaya,Bandung,4.5,-6.8934327,107.6185513
260,Museum Pos Indonesia,Budaya,Bandung,4.5,-6.902013,107.6197787
261,Ciwangun Indah Camp Official,Cagar Alam,Bandung,4.3,-6.786939,107.5837331
262,Wot Batu,Cagar Alam,Bandung,4.7,-6.8597013,107.6360983
263,Curug Batu Templek,Cagar Alam,Bandung,4.1,-6.8743633,107.6844023
264,Gereja Katedral Santo Petrus Bandung,Tempat Ibadah,Bandung,4.8,-6.9148394,107.6105511
265,Museum Mandala Wangsit Siliwangi,Budaya,Bandung,4.4,-6.9173405,107.6112627
266,Caringin Tilu,Cagar Alam,Bandung,4.4,-6.8580464,107.6647084
267,Panama Park 825,Taman Hiburan,Bandung,4.4,-6.9119768,107.569674
268,Sudut Pandang Bandung,Taman Hiburan,Bandung,4.6,-6.8423638,107.6232403
269,Bumi Perkemahan Batu Kuda,Cagar Alam,Bandung,4.5,-6.8932173,107.7448856
270,Bukit Bintang,Cagar Alam,Bandung,4.6,-6.8417795,107.6768585
271,Taman Vanda,Taman Hiburan,Bandung,4.3,-6.9140478,107.6101684
272,Taman Budaya Jawa Barat,Budaya,Bandung,4.3,-6.870099,107.6164386
273,Curug Bugbrug,Cagar Alam,Bandung,4.3,-6.790389,107.5777632
274,Babakan Siliwangi City Forest Path Bandung,Cagar Alam,Bandung,4.6,-6.8853746,107.6111899
275,Curug Cipanas,Cagar Alam,Bandung,3.9,-6.7991958,107.5922088
276,Taman Jomblo,Taman Hiburan,Bandung,4.1,-6.8980549,107.6094673
277,Peta Park,Taman Hiburan,Bandung,4.3,-6.9317951,107.5883026
278,Masjid Daarut Tauhiid Bandung,Tempat Ibadah,Bandung,4.9,-6.863527,107.5899194
279,Masjid Agung Trans Studio Bandung,Tempat Ibadah,Bandung,4.8,-6.9259635,107.6354278
280,Gereja Tiberias Indonesia Bandung,Tempat Ibadah,Bandung,4.9,-6.9347698,107.6253513
281,Tektona Waterpark,Taman Hiburan,Bandung,3.8,-7.0096022,107.6062161
282,Curug Cilengkrang,Cagar Alam,Bandung,4.0,-6.8908877,107.7307085
283,Jembatan Pasupati,Taman Hiburan,Bandung,4.6,-6.9000987,107.6046708
284,Pasar Baru,Pusat Perbelanjaan,Bandung,4.3,-6.9177044,107.6036014
285,Taman Sejarah Bandung,Budaya,Bandung,4.6,-6.9103086,107.6098619
286,Roemah Seni Sarasvati,Budaya,Bandung,4.4,-6.9204173,107.5996425
287,Puspa Iptek Sundial,Taman Hiburan,Bandung,4.4,-6.852208,107.493882
288,Masjid Salman ITB,Tempat Ibadah,Bandung,4.8,-6.8936643,107.611271
289,Curug Aseupan,Cagar Alam,Bandung,4.7,-6.7875652,107.5822844
290,Museum Pendidikan Nasional,Budaya,Bandung,4.6,-6.8597474,107.5941693
291,Water Park Bandung Indah,Taman Hiburan,Bandung,4.0,-6.9805807,107.5856567
292,Curug Anom,Cagar Alam,Bandung,4.6,-6.8116009,107.5695213
293,Taman Badak,Taman Hiburan,Bandung,4.5,-6.9132752,107.6094908
294,Taman Film,Budaya,Bandung,4.3,-6.8986869,107.6077451
295,Museum Nike Ardilla,Budaya,Bandung,4.6,-6.9406015,107.6725445
296,Batununggal Indah Club,Taman Hiburan,Bandung,4.4,-6.96323,107.626416
297,Mountain View Golf Club,Cagar Alam,Bandung,4.4,-6.8629384,107.6482191
298,Gunung Lalakon,Cagar Alam,Bandung,4.8,-6.9580556,107.5205556
299,Sendang Geulis Kahuripan,Cagar Alam,Bandung,4.3,-6.7495268,107.478658
300,Sanghyang Heuleut,Cagar Alam,Bandung,4.4,-6.8765131,107.3422183
301,Lereng Anteng Panoramic Coffee Place,Cagar Alam,Bandung,4.4,-6.842535,107.622698
302,Masjid Pusdai,Tempat Ibadah,Bandung,4.7,-6.9000672,107.62587
303,Masjid Al-Imtizaj,Tempat Ibadah,Bandung,4.7,-6.919425,107.6078639
304,Situ Cileunca,Cagar Alam,Bandung,4.4,-7.1923281,107.5510012
305,Sunrise Point Cukul,Cagar Alam,Bandung,4.6,-7.233689,107.5342933
306,Sungai Palayangan,Cagar Alam,Bandung,4.6,-7.1965023,107.5454594
307,Perkebunan Teh Malabar,Cagar Alam,Bandung,4.4,-7.2274463,107.6050805
308,Pemandian Air Panas Ciater,Cagar Alam,Bandung,4.3,-6.7380853,107.6566092
309,Observatorium Bosscha,Cagar Alam,Bandung,4.5,-6.8246311,107.6171106
310,Taman Bunga Cihideung,Cagar Alam,Bandung,4.1,-6.8038883,107.5866313
311,The Lodge Maribaya,Cagar Alam,Bandung,4.3,-6.8294112,107.6874666
312,Ranca Upas,Cagar Alam,Bandung,4.7,-7.138324,107.391763
313,Taman Begonia,Cagar Alam,Bandung,4.4,-6.8260163,107.6383564
314,Tafso Barn,Cagar Alam,Bandung,4.2,-6.8426446,107.6228408
315,Curug Luhur Waterfall,Cagar Alam,Bandung,4.2,-6.8131767,107.7136367
316,Curug Malela,Cagar Alam,Bandung,4.4,-7.0182386,107.2072145
317,Curug Cimahi,Cagar Alam,Bandung,4.6,-6.7977383,107.5783691
318,Situ Patenggang,Cagar Alam,Bandung,4.5,-7.1669649,107.3575344
319,Kawah Rengganis Cibuni,Cagar Alam,Bandung,4.3,-7.1724126,107.3766656
320,Pemandian Air Panas Cimanggu,Cagar Alam,Bandung,3.9,-7.1471529,107.3901424
321,Glamping Lakeside Rancabali,Taman Hiburan,Bandung,4.4,-7.1675908,107.3532419
322,Bukit Jamur,Cagar Alam,Bandung,4.2,-7.1951102,107.4312811
323,Kebun Tanaman Obat Sari Alam,Cagar Alam,Bandung,4.9,-6.601321,106.632734
324,Happyfarm Ciwidey,Cagar Alam,Bandung,4.2,-7.1147877,107.4380865
325,Saung Angklung Mang Udjo,Budaya,Bandung,4.7,-6.8971362,107.6558466
326,Taman Kupu-Kupu Cihanjuang,Cagar Alam,Bandung,4.0,-6.8590047,107.568779
327,Taman Miniatur Kereta Api,Taman Hiburan,Bandung,4.4,-6.817327,107.61794
328,Gua Pawon,Cagar Alam,Bandung,4.5,-6.8231833,107.4371655
329,Bukit Gantole Cililin,Cagar Alam,Bandung,4.4,-6.9588812,107.4713147
330,Bandros City Tour,Budaya,Bandung,4.4,-6.9220816,107.6073182
331,Kyotoku Floating Market,Budaya,Bandung,4.5,-6.819875,107.618707
332,Rainbow Garden,Cagar Alam,Bandung,4.6,-6.8179514,107.618914
333,Kota Mini,Taman Hiburan,Bandung,4.4,-6.8186888,107.6169403
334,Chingu Cafe Little Seoul,Taman Hiburan,Bandung,4.5,-6.9012241,107.6099853
335,Candi Gedong Songo,Budaya,Semarang,4.5,-7.2098867,110.3421119
336,Grand Maerakaca,Taman Hiburan,Semarang,4.4,-6.9605225,110.3863941
337,Kampung Pelangi,Taman Hiburan,Semarang,4.3,-6.9888812,110.4083781
338,Lawang Sewu,Budaya,Semarang,4.6,-6.9839099,110.4104342
339,Sam Poo Kong Temple,Budaya,Semarang,4.5,-6.9962366,110.398122
340,Desa Wisata Lembah Kalipancur,Taman Hiburan,Semarang,3.9,-7.0205245,110.3754605
341,Hutan Wisata Tinjomoyo Semarang,Cagar Alam,Semarang,4.3,-7.0296837,110.3999611
342,Taman Kasmaran,Taman Hiburan,Semarang,4.5,-6.9909404,110.4065932
343,Pantai Baruna,Bahari,Semarang,4.0,-6.9451052,110.3982398
344,Pantai Marina,Bahari,Semarang,4.1,-6.948877,110.3893285
345,Kampoeng Djadhoel Semarang,Budaya,Semarang,4.7,-6.9687731,110.4319505
346,Indonesia Kaya Park,Taman Hiburan,Semarang,4.6,-6.9923507,110.4201162
347,Taman Pandanaran,Taman Hiburan,Semarang,4.4,-6.9877936,110.4172262
348,Pura Giri Natha,Budaya,Semarang,4.7,-6.9984759,110.4106468
349,Wisata Mangrove Tapak,Cagar Alam,Semarang,4.3,-6.9685618,110.3459696
350,Pantai Cipta,Bahari,Semarang,4.0,-6.9486402,110.4102923
351,Old City 3D Trick Art Museum,Budaya,Semarang,4.4,-6.9684064,110.4261995
352,GPIB Immanuel Semarang (Gereja Blenduk),Tempat Ibadah,Semarang,4.6,-6.9683488,110.4274767
353,Taman Srigunting,Taman Hiburan,Semarang,4.7,-6.9681728,110.4278262
354,Semarang Contemporary Art Gallery,Budaya,Semarang,4.6,-6.9675,110.4282
355,Umbul Sidomukti,Cagar Alam,Semarang,4.6,-7.1945903,110.3733583
356,Saloka Theme Park,Taman Hiburan,Semarang,4.4,-7.2807262,110.4595539
357,Wisata Alam Wana Wisata Penggaron,Cagar Alam,Semarang,4.1,-7.1157969,110.4217966
358,Masjid Kapal Semarang,Tempat Ibadah,Semarang,4.1,-7.0187782,110.2937134
359,Taman Bunga Celosia,Cagar Alam,Semarang,4.3,-7.2255041,110.3463166
360,Air Terjun Kali Pancur,Cagar Alam,Semarang,4.1,-7.3580963,110.4210681
361,Wisata Kampung Krisan Clapar,Taman Hiburan,Semarang,4.1,-7.2141582,110.3769541
362,Danau Rawa Pening,Cagar Alam,Semarang,4.4,-7.2854929,110.4321671
363,Pantai Maron,Bahari,Semarang,3.4,-6.9545687,110.3600951
364,Water Blaster Bukit Candi Golf,Taman Hiburan,Semarang,4.2,-7.0218894,110.4383345
365,Waduk Jatibarang,Cagar Alam,Semarang,4.3,-7.0370499,110.3477586
366,Tirto Argo Siwarak,Taman Hiburan,Semarang,4.4,-7.132106,110.394523
367,Wisata Lereng Kelir,Cagar Alam,Semarang,4.3,-7.3126613,110.3746785
368,Kampoeng Rawa,Cagar Alam,Semarang,4.5,-7.267539,110.418076
369,Monumen Palagan Ambarawa,Budaya,Semarang,4.4,-7.2598861,110.4025602
370,Benteng Pendem,Budaya,Semarang,4.2,-7.2706462,110.4103291
371,Wisata Eling Bening,Cagar Alam,Semarang,4.3,-7.2531096,110.4264512
372,Gua Maria Kerep Ambarawa,Cagar Alam,Semarang,4.8,-7.2552364,110.3991897
373,Museum Kereta Ambarawa,Budaya,Semarang,4.5,-7.2645989,110.4046017
374,Hutan Pinus Kayon,Cagar Alam,Semarang,4.4,-7.395606,110.4517727
375,Kota Lama Semarang,Budaya,Semarang,4.7,-6.9681399,110.4278611
376,Semarang Chinatown,Budaya,Semarang,4.5,-6.9749923,110.424954
377,La Kana Chapel,Taman Hiburan,Semarang,4.5,-7.2156923,110.3649392
378,Jembatan Biru Ambarawa,Taman Hiburan,Semarang,4.2,-7.2678201,110.4483217
379,Goa Rong,Cagar Alam,Semarang,4.3,-7.2721621,110.4698457
380,Masjid Agung Ungaran,Tempat Ibadah,Semarang,4.7,-7.1350705,110.4088131
381,Tugu Muda Semarang,Budaya,Semarang,4.7,-6.9843485,110.4093207
382,Kampoeng Kopi Banaran,Taman Hiburan,Semarang,4.3,-7.2539005,110.4414953
383,Taman Tabanas,Taman Hiburan,Semarang,4.4,-7.0388032,110.4215576
384,Kampung Tematik Jawi,Budaya,Semarang,4.5,-7.0290974,110.3775382
385,Kampung Batik Gedong Semarang,Budaya,Semarang,4.4,-6.9688821,110.4318692
386,Air Terjun Semirang,Cagar Alam,Semarang,4.4,-7.1662971,110.381068
387,Obyek Wisata Goa Kreo,Cagar Alam,Semarang,4.3,-7.0372113,110.3476164
388,Watu Gunung Ungaran,Cagar Alam,Semarang,4.4,-7.1298066,110.388832
389,Brown Canyon,Cagar Alam,Semarang,4.2,-7.0565164,110.4862531
390,Durian Gardens and Tourism Education Watu Simbar,Cagar Alam,Semarang,4.1,-7.0967079,110.3900517
391,Flower Farm Setiya Aji,Cagar Alam,Semarang,4.1,-7.2241813,110.3782661
392,Ekowisata Mangrove Wonorejo,Cagar Alam,Surabaya,4.3,-7.3086482,112.8216622
393,Taman Harmoni Keputih,Cagar Alam,Surabaya,4.4,-7.2952211,112.8035603
394,Air Mancur Menari,Taman Hiburan,Surabaya,4.4,-7.2356933,112.7955234
395,Taman Prestasi,Taman Hiburan,Surabaya,4.6,-7.2614722,112.7428284
396,Monumen Kapal Selam,Budaya,Surabaya,4.4,-7.2654304,112.7503052
397,Taman Kunang-Kunang,Taman Hiburan,Surabaya,4.4,-7.3182202,112.7842405
398,Taman Buah Surabaya,Taman Hiburan,Surabaya,4.1,-7.2662139,112.795281
399,Taman Pelangi,Taman Hiburan,Surabaya,4.5,-7.3275604,112.7312242
400,Hutan Bambu Keputih,Cagar Alam,Surabaya,4.3,-7.2941909,112.8017238
401,Taman Keputran,Taman Hiburan,Surabaya,4.3,-7.2732153,112.744102
402,Food Junction Grand Pakuwon,Pusat Perbelanjaan,Surabaya,4.5,-7.251022,112.6620053
403,Taman Barunawati,Taman Hiburan,Surabaya,4.2,-7.2220559,112.7319967
404,Kenjeran Park,Taman Hiburan,Surabaya,4.2,-7.2522964,112.7966952
405,Surabaya North Quay,Taman Hiburan,Surabaya,4.4,-7.1968193,112.7324578
406,Kebun Bibit Wonorejo,Cagar Alam,Surabaya,4.4,-7.3123655,112.7889021
407,Taman Ekspresi Dan Perpustakaan,Taman Hiburan,Surabaya,4.5,-7.2573072,112.7437199
408,Kebun Binatang Surabaya,Cagar Alam,Surabaya,4.3,-7.2959546,112.7366094
409,Rumah Batik,Budaya,Surabaya,4.5,-7.278736,112.718453
410,Ciputra Waterpark,Taman Hiburan,Surabaya,4.3,-7.2861707,112.6333338
411,Masjid Muhammad Cheng Hoo,Tempat Ibadah,Surabaya,4.7,-7.2522754,112.7468796
412,Masjid Nasional Al-Akbar,Tempat Ibadah,Surabaya,4.9,-7.3366141,112.7151806
413,Museum TNI AL Loka Jala Crana,Budaya,Surabaya,4.5,-7.227185,112.718997
414,Jembatan Merah,Budaya,Surabaya,4.5,-7.2367447,112.7383009
415,Museum De Javasche Bank,Budaya,Surabaya,4.6,-7.2353939,112.7367646
416,Keraton Surabaya,Budaya,Surabaya,4.4,-7.2567553,112.7942203
417,Klenteng Sanggar Agung,Budaya,Surabaya,4.5,-7.246944,112.802222
418,Museum Sepuluh Nopember Kota Surabaya,Budaya,Surabaya,4.7,-7.2454369,112.7378985
419,Monumen Tugu Pahlawan,Budaya,Surabaya,4.7,-7.246926,112.73781
420,Surabaya Museum (Gedung Siola),Budaya,Surabaya,4.5,-7.2562972,112.7379955
421,Museum Kesehatan Dr. Adhyatma,Budaya,Surabaya,4.4,-7.240328,112.731431
422,Monumen Jalesveva Jayamahe,Budaya,Surabaya,4.6,-7.1954748,112.7395206
423,Patung Sura dan Buaya,Budaya,Surabaya,4.6,-7.2960492,112.7387012
424,Pantai Ria Kenjeran,Bahari,Surabaya,4.2,-7.2509164,112.8009332
425,Waterpark Kenjeran Surabaya,Taman Hiburan,Surabaya,4.1,-7.2477963,112.7998235
426,Balai Kota Surabaya,Budaya,Surabaya,4.7,-7.2592948,112.7470512
427,Patung Buddha Empat Rupa,Budaya,Surabaya,4.3,-7.2472841,112.8010814
428,Monumen Bambu Runcing Surabaya,Budaya,Surabaya,4.6,-7.2677755,112.7443898
429,House of Sampoerna,Budaya,Surabaya,4.6,-7.2308173,112.7342344
430,Atlantis Land Surabaya,Taman Hiburan,Surabaya,4.4,-7.2516189,112.8009694
431,Taman Hiburan Rakyat,Taman Hiburan,Surabaya,4.2,-7.252291,112.7520012
432,Taman Mundu,Taman Hiburan,Surabaya,4.4,-7.2516046,112.7545983
433,Museum Mpu Tantular,Budaya,Surabaya,4.4,-7.4338593,112.7199058
434,Taman Bungkul,Taman Hiburan,Surabaya,4.6,-7.2913468,112.7398218
435,Taman Air Mancur Menari Kenjeran,Taman Hiburan,Surabaya,4.4,-7.2752955,112.7549381
436,Taman Flora Bratang Surabaya,Taman Hiburan,Surabaya,4.6,-7.2943303,112.7617534
437,Gereja Perawan Maria Tak Berdosa Surabaya,Tempat Ibadah,Surabaya,4.8,-7.2420758,112.7368158
438,Pantai Kuta,Bahari,Bali,4.5,-8.718463,115.168617
439,Pantai Seminyak,Bahari,Bali,4.5,-8.691739,115.157892
440,Pantai Sanur,Bahari,Bali,4.5,-8.706521,115.262838
441,Pantai Pandawa,Bahari,Bali,4.6,-8.844999,115.187126
442,Pantai Tanjung Benoa,Bahari,Bali,4.5,-8.760167,115.223458
443,Pantai Nusa Dua,Bahari,Bali,4.5,-8.799892,115.236046
444,Garuda Wisnu Kencana,Budaya,Bali,4.5,-8.809861,115.167613
445,Pura Besakih,Tempat Ibadah,Bali,4.5,-8.373796,115.452589
446,Pura Tirta Empul,Tempat Ibadah,Bali,4.6,-8.415414,115.315372
447,Pura Ulun Danu Beratan,Tempat Ibadah,Bali,4.6,-8.274288,115.167295
448,Istana Kepresidenan Tampaksiring,Budaya,Bali,4.7,-8.414156,115.310767
449,Pura Tanah Lot,Tempat Ibadah,Bali,4.6,-8.621116,115.086808
450,Monkey Forest Ubud,Cagar Alam,Bali,4.5,-8.51937,115.260688
451,Bali Zoo,Taman Hiburan,Bali,4.4,-8.591523,115.265864
452,Tegallalang Rice Terrace,Cagar Alam,Bali,4.4,-8.431615,115.279297
453,Air Terjun Tegenungan,Cagar Alam,Bali,4.3,-8.575283,115.288976
454,Desa Wisata Penglipuran,Budaya,Bali,4.8,-8.422474,115.359754
455,Tirta Gangga,Budaya,Bali,4.6,-8.412279,115.587294
456,Taman Ujung Karangasem,Budaya,Bali,4.6,-8.463709,115.630653
457,Desa Tenganan Pegrisingan,Budaya,Bali,4.5,-8.476746,115.566572
458,Pasar Seni Ubud,Pusat Perbelanjaan,Bali,4.2,-8.507115,115.262977
459,Pasar Seni Legian,Pusat Perbelanjaan,Bali,4.4,-8.708738,115.168877
460,Pasar Seni Sukawati,Pusat Perbelanjaan,Bali,4.4,-8.5965,115.282629
461,Beachwalk Shopping Center,Pusat Perbelanjaan,Bali,4.5,-8.716939,115.168805
462,Pasar Seni Guwang,Pusat Perbelanjaan,Bali,4.3,-8.604588,115.280341
463,Desa Penelokan Kintamani,Budaya,Bali,4.7,-8.282762,115.364809
464,Bukit Trunyan,Cagar Alam,Bali,4.6,-8.248983,115.429394
465,Museum Geopark Batur,Budaya,Bali,4.6,-8.284566,115.364815
466,Gunung Batur,Cagar Alam,Bali,4.5,-8.240031,115.377503
467,Gunung Agung,Cagar Alam,Bali,4.4,-8.342944,115.506997
468,Danau Toba,Bahari,Medan,4.6,2.73423,98.65325
469,Istana Maimun,Budaya,Medan,4.2,3.575363,98.684632
470,Masjid Raya Al-Mashun,Tempat Ibadah,Medan,4.8,3.57537,98.687317
471,Tjong A Fie Mansion,Budaya,Medan,4.6,3.585566,9.868024
472,Berastagi,Cagar Alam,Medan,4.0,3.181575,98.514496
473,Air Terjun Sipiso-Piso,Cagar Alam,Medan,4.6,2.916605,98.519847
474,Rahmat International Wildlife Museum & Gallery,Budaya,Medan,4.6,3.579364,98.66727
475,Vihara Gunung Timur,Tempat Ibadah,Medan,4.7,3.578094,98.669001
476,Kebun Binatang Medan,Cagar Alam,Medan,4.0,3.548591,98.686889
477,Wonders Water World,Taman Hiburan,Medan,3.9,3.559193,98.67587
478,Museum Negeri Provinsi Sumatera Utara,Budaya,Medan,4.5,3.568496,98.696345
479,Taman Alam Lumbini,Tempat Ibadah,Medan,4.4,3.197589,98.540902
480,Hillpark Sibolangit,Taman Hiburan,Medan,4.3,3.280625,98.556696
481,Pantai Cermin,Budaya,Medan,3.9,3.654626,98.985539
482,Taman Buaya Asam Kumbang,Cagar Alam,Medan,4.2,3.566581,98.619879
483,Graha Maria Annai Velangkanni,Tempat Ibadah,Medan,4.8,3.547795,98.608666
484,Taman Hutan Raya Bukit Barisan,Cagar Alam,Medan,5.0,3.207382,98.537295
485,Museum Perjuangan TNI,Budaya,Medan,4.5,3.58391,98.674181
486,The Le Hu Garden,Taman Hiburan,Medan,4.1,3.480414,98.694636
487,Kuil Shri Mariamman,Tempat Ibadah,Medan,4.6,3.584105,98.671188
488,Pantai Pondok Permai,Bahari,Medan,4.2,3.658473,98.977336
489,Mikie Funland,Taman Hiburan,Medan,4.6,3.203595,98.525736
490,Pantai Bali Lestari,Bahari,Medan,4.1,3.656804,98.979455
491,Desa Lingga,Budaya,Medan,4.6,3.120938,98.465566
492,Menara Padang Tele,Cagar Alam,Medan,4.5,2.552255,98.639801
493,Pasar Belawan,Pusat Perbelanjaan,Medan,4.2,3.782209,98.68286
494,Gunung Sibayak,Cagar Alam,Medan,4.5,3.201971,98.516324
495,Masjid Raya Stabat,Tempat Ibadah,Medan,4.7,3.762943,98.449916
496,Air Terjun Sibolangit,Cagar Alam,Medan,4.4,3.277802,98.535465
497,Green Hill City Sibolangit,Taman Hiburan,Medan,4.5,3.281685,98.557409
498,Pantai Mangrove,Bahari,Medan,4.3,3.59281,99.091611
499,Bukit Lawang Orangutan Trekking,Cagar Alam,Medan,4.6,3.54606,98.133167
500,Taman Sipinsur,Cagar Alam,Medan,4.6,2.32937,98.881351
501,Desa Wisata Dokan,Budaya,Medan,4.5,3.01967,98.551961
502,Puncak Watu Jengger,Cagar Alam,Mojokerto,4.6,-7.69901,112.434815
503,Ranu Manduro,Cagar Alam,Mojokerto,4.3,-7.57241,112.640565
504,Candi Tikus,Budaya,Mojokerto,4.5,-7.57154,112.403532
505,Air Terjun Dlundung,Cagar Alam,Mojokerto,4.5,-7.681665,112.593908
506,Maha Vihara Mojopahit,Tempat Ibadah,Mojokerto,4.5,-7.555379,112.370501
507,Bukit Kayoe Putih,Cagar Alam,Mojokerto,4.0,-7.389231,112.43159
508,Candi Bajang Ratu,Budaya,Mojokerto,4.6,-7.567612,112.398735
509,Gunung Penanggungan,Cagar Alam,Mojokerto,4.7,-7.613879,112.620116
510,Pacet Mini Park,Taman Hiburan,Mojokerto,4.3,-7.62375,112.532782
511,Candi Jalatunda,Budaya,Mojokerto,4.6,-7.606943,112.59507
512,Pendopo Agung Trowulan,Budaya,Mojokerto,4.5,-7.566003,112.379967
513,Obech Rafting,Taman Hiburan,Mojokerto,4.5,-7.670635,112.533409
514,Taman Ghanjaran,Taman Hiburan,Mojokerto,4.6,-7.666115,112.60458
515,Bukit Krapyak,Cagar Alam,Mojokerto,4.7,-7.68945,112.546759
516,Air Terjun Coban Canggu,Cagar Alam,Mojokerto,4.3,-7.681571,112.546635
517,Pemandian Air Panas Padusan,Cagar Alam,Mojokerto,4.1,-7.685205,112.548928
518,Duyung Trawas Hill,Taman Hiburan,Mojokerto,4.0,-7.645139,112.621064
519,Wisata Sawah Sumber Gempong,Cagar Alam,Mojokerto,4.6,-7.666502,112.61176
520,Sumber Kecumbung,Cagar Alam,Mojokerto,4.5,-7.646273,112.59506
521,Jungle Camp Cafe,Taman Hiburan,Mojokerto,3.9,-7.661457,112.618202
522,Kampung Organik Brenjonk,Cagar Alam,Mojokerto,4.6,-7.646109,112.595294
523,Hutan Pinus Jubel,Cagar Alam,Mojokerto,4.3,-7.662293,112.567798
524,Bernah De Vallei,Taman Hiburan,Mojokerto,4.5,-7.652385,112.558787
525,Air Terjun Watu Lumpang,Cagar Alam,Mojokerto,4.4,-7.728525,112.52806
526,Bukit Watu Jengger,Cagar Alam,Mojokerto,4.6,-7.698991,112.434879
527,Rainbow Garden Poetoek Soeko,Cagar Alam,Mojokerto,4.5,-7.640589,112.577548
528,Air Terjun Kakek Bodo,Cagar Alam,Mojokerto,4.3,-7.700458,112.623687
529,Museum Gubug Wayang,Budaya,Mojokerto,4.7,-7.465464,112.430252
530,Bukit Lorokan,Cagar Alam,Mojokerto,4.8,-7.688109,112.523084
531,Air Terjun Surodadu,Cagar Alam,Mojokerto,4.4,-7.679192,112.557772
532,Gunung Pundak ,Cagar Alam,Mojokerto,4.7,-7.693851,112.571603
533,Gunung Anjasmoro,Cagar Alam,Mojokerto,4.4,-7.75276,112.508164
534,Joglo Park,Taman Hiburan,Mojokerto,3.9,-7.637442,112.535439
535,Museum Majapahit,Budaya,Mojokerto,4.5,-7.559686,112.380613
